{
  "employees" : {
    "berthaye" : {
      "birthday" : "November 11, 1992",
      "email" : "berthaye@fakecompany.com",
      "id" : "berthaye",
      "image" : "https://firebasestorage.googleapis.com/v0/b/oompa-loompa-aeb91.appspot.com/o/berthaye.png?alt=media&token=e65a55b1-f27d-403b-ad70-8ae89a081303",
      "level" : 1,
      "location" : "San Francisco, CA, USA",
      "name" : "Bertha Ye",
      "number" : "1-570-788-4003",
      "position" : "Software Engineer",
      "twitter" : "@fake-bertha"
    },
    "georgebrown" : {
      "birthday" : "April 3, 1982",
      "email" : "georgebrown@fakecompany.com",
      "id" : "georgebrown",
      "image" : "https://firebasestorage.googleapis.com/v0/b/oompa-loompa-aeb91.appspot.com/o/georgebrown.png?alt=media&token=d958b887-ff50-4166-a8c0-a032304abf6f",
      "level" : 5,
      "location" : "San Francisco, CA, USA",
      "name" : "George Brown",
      "number" : "1-707-658-7561",
      "position" : "President and CEO",
      "reports" : {
        "lydiabennet" : true,
        "marcelovaldez" : true,
        "tanyabearden" : true
      },
      "twitter" : "@fake-georgebrown"
    },
    "kellyelrod" : {
      "birthday" : "July 8, 1989",
      "email" : "kellyelrod@fakecompany.com",
      "id" : "kellyelrod",
      "image" : "https://firebasestorage.googleapis.com/v0/b/oompa-loompa-aeb91.appspot.com/o/kellyelrod.png?alt=media&token=bd2501c9-2491-4c00-9d40-53923485c836",
      "level" : 2,
      "location" : "Portland, CA, USA",
      "name" : "Kelly Elrod",
      "number" : "1-847-384-3036",
      "position" : "Marketing Manager",
      "twitter" : "@fake-kelly"
    },
    "lydiabennet" : {
      "birthday" : "November 20, 1979",
      "email" : "lydiabennet@fakecompany.com",
      "id" : "lydiabennet",
      "image" : "https://firebasestorage.googleapis.com/v0/b/oompa-loompa-aeb91.appspot.com/o/lydiabennet.png?alt=media&token=e022d0c2-df05-49d5-945c-d1f29e2e2b71",
      "level" : 4,
      "location" : "San Francisco, CA, USA",
      "name" : "Lydia Bennet",
      "number" : "1-309-423-4299",
      "position" : "VP of Marketing",
      "reports" : {
        "kellyelrod" : true
      },
      "twitter" : "@fake-lydia"
    },
    "marcelovaldez" : {
      "birthday" : "May 18, 1980",
      "email" : "marcelovaldez@fakecompany.com",
      "id" : "marcelovaldez",
      "image" : "https://firebasestorage.googleapis.com/v0/b/oompa-loompa-aeb91.appspot.com/o/marcelovaldez.png?alt=media&token=e8ddfda2-5395-40dc-baf1-197dbae9318d",
      "level" : 4,
      "location" : "Boston, MA, USA",
      "name" : "Marcelo Valdez",
      "number" : "1-978-401-9913",
      "position" : "VP of Sales",
      "reports" : {
        "staceyhansen" : true
      },
      "twitter" : "@fake-marcelo"
    },
    "staceyhansen" : {
      "birthday" : "April 29, 1990",
      "email" : "staceyhansen@fakecompany.com",
      "id" : "staceyhansen",
      "image" : "https://firebasestorage.googleapis.com/v0/b/oompa-loompa-aeb91.appspot.com/o/staceyhansen.png?alt=media&token=9100f50f-2740-4dd2-bf1d-58e066e0722b",
      "level" : 1,
      "location" : "San Francisco, CA, USA",
      "name" : "Stacey Hansen",
      "number" : "1-936-524-2834",
      "position" : "Sales Representative",
      "twitter" : "@fake-leslie"
    },
    "tanyabearden" : {
      "birthday" : "December 20, 1982",
      "email" : "tanyabearden@fakecompany.com",
      "id" : "tanyabearden",
      "image" : "https://firebasestorage.googleapis.com/v0/b/oompa-loompa-aeb91.appspot.com/o/tanyabearden.png?alt=media&token=bb575a43-8cef-43b0-b680-9bc400f9b181",
      "level" : 4,
      "location" : "Portland, OR, USA",
      "name" : "Tanya Bearden",
      "number" : "1-518-822-6241",
      "position" : "VP of Engineering",
      "reports" : {
        "berthaye" : true,
        "tiffanycaldwell" : true
      },
      "twitter" : "@fake-tanya"
    },
    "tiffanycaldwell" : {
      "birthday" : "April 10, 1991",
      "email" : "tiffanycaldwell@fakecompany.com",
      "id" : "tiffanycaldwell",
      "image" : "https://firebasestorage.googleapis.com/v0/b/oompa-loompa-aeb91.appspot.com/o/tiffanycaldwell.png?alt=media&token=1f6c4a8d-4567-4a8a-9673-77295e8e950f",
      "level" : 2,
      "location" : "Boston, CA, USA",
      "name" : "Tiffany Caldwell",
      "number" : "1-336-524-5631",
      "position" : "Sr Software Engineer",
      "twitter" : "@fake-tiffany"
    }
  }
}
